Name,Date,Original Price,Discount Price,Reviews,Search Filter
R.E.P.O.,"Feb 26, 2025",N/A,$9.99,48951,topsellers
Assassin’s Creed Shadows,"Mar 19, 2025",N/A,$69.99,8742,topsellers
Counter-Strike 2,"Aug 21, 2012",N/A,Free,668659,topsellers
Steam Deck,"Jan 17, 2025",N/A,$399.00,N/A,topsellers
Monster Hunter Wilds,"Feb 27, 2025",N/A,$69.99,110497,topsellers
Split Fiction,"Mar 6, 2025",N/A,$49.99,34874,topsellers
Cyberpunk 2077,"Dec 9, 2020",$59.99,$23.99,732976,topsellers
HELLDIVERS™ 2,"Feb 8, 2024",N/A,$39.99,719296,topsellers
Warframe,"Mar 25, 2013",N/A,Free,612652,topsellers
The First Berserker: Khazan,"Mar 27, 2025",N/A,$59.99,N/A,topsellers
Marvel Rivals,"Dec 5, 2024",N/A,Free,251001,topsellers
FragPunk,"Mar 6, 2025",N/A,Free,28695,topsellers
THRONE AND LIBERTY,"Oct 1, 2024",N/A,Free,61470,topsellers
Tom Clancy's Rainbow Six® Siege,"Dec 1, 2015",N/A,$19.99,173393,topsellers
War Thunder,"Aug 15, 2013",N/A,Free,606439,topsellers
Psycho Patrol R,"Mar 23, 2025",$39.99,$35.99,145,topsellers
The Sims™ 4,"Jan 31, 2025",N/A,Free,165440,topsellers
KINGDOM HEARTS -HD 1.5+2.5 ReMIX-,"Jun 13, 2024",$49.99,$29.99,6136,topsellers
FINAL FANTASY XIV Online,"Feb 18, 2014",N/A,$19.99,72679,topsellers
Atomfall,"Mar 27, 2025",N/A,$49.99,N/A,topsellers
MapleStory,"Aug 9, 2012",N/A,Free,13572,topsellers
Wreckfest 2,"Mar 20, 2025",$29.99,$23.99,1535,topsellers
Kingdom Come: Deliverance II,"Feb 4, 2025",N/A,$59.99,64636,topsellers
Destiny 2,"Oct 1, 2019",N/A,Free,621897,topsellers
NBA 2K25,"Oct 28, 2024",$79.99,$23.99,16601,topsellers
Cyberpunk 2077: Phantom Liberty,"Sep 25, 2023",$29.99,$22.49,17988,topsellers
Fallout 76,"Apr 14, 2020",N/A,$39.99,65267,topsellers
Baldur's Gate 3,"Aug 3, 2023",N/A,$59.99,651421,topsellers
PGA TOUR 2K25,"Feb 27, 2025",N/A,$69.99,1224,topsellers
FINAL FANTASY XVI,"Sep 17, 2024",$49.99,$32.49,14692,topsellers
Apex Legends™,"Nov 4, 2020",N/A,Free,984656,topsellers
FINAL FANTASY VII REBIRTH,"Jan 23, 2025",$69.99,$48.99,12060,topsellers
The Elder Scrolls® Online,"May 22, 2017",N/A,$19.99,126006,topsellers
EA SPORTS FC™ 25,"Sep 26, 2024",N/A,$42.00,56044,topsellers
Rust,"Feb 8, 2018",N/A,$39.99,998646,topsellers
Dead by Daylight,"Jun 14, 2016",N/A,$19.99,570596,topsellers
FINAL FANTASY VII REMAKE INTERGRADE,"Jun 17, 2022",N/A,$39.99,30314,topsellers
THE FINALS,"Dec 7, 2023",N/A,Free,223090,topsellers
Arma Reforger,"Nov 16, 2023",N/A,$35.98,23416,topsellers
BLEACH Rebirth of Souls,"Mar 20, 2025",N/A,$59.99,2639,topsellers
ELDEN RING,"Feb 24, 2022",N/A,$59.99,753135,topsellers
Satisfactory,"Sep 10, 2024",$39.99,$27.99,190713,topsellers
Sid Meier's Civilization VII,"Feb 10, 2025",N/A,$69.99,28609,topsellers
Grand Theft Auto V Enhanced,"Mar 4, 2025",N/A,$29.99,29550,topsellers
Cities: Skylines,"Mar 10, 2015",$29.99,$2.99,203185,topsellers
Overwatch® 2,"Aug 10, 2023",N/A,Free,334709,topsellers
Marvel's Spider-Man 2,"Jan 30, 2025",N/A,$59.99,11865,topsellers
Premium Starter Pack - Assassin's Creed Shadows,"Mar 19, 2025",N/A,$34.99,36,topsellers
Call of Duty®: Black Ops 6,"Oct 24, 2024",N/A,$69.99,11108,topsellers
Black Desert,"May 24, 2017",N/A,$9.99,58424,topsellers
Call of Duty®: Warzone™,"Nov 16, 2022",N/A,Free,42552,topsellers
Cataclismo,"Mar 20, 2025",$29.99,$19.49,2784,topsellers
VRChat,"Feb 1, 2017",N/A,Free,236232,topsellers
Lost Ark,"Feb 11, 2022",N/A,Free,201727,topsellers
Ready or Not,"Dec 13, 2023",N/A,$49.99,178625,topsellers
PowerWash Simulator,"Jul 14, 2022",$24.99,$17.49,44575,topsellers
GUILTY GEAR -STRIVE-,"Jun 11, 2021",$39.99,$19.99,41404,topsellers
It Takes Two Friend's Pass,"May 25, 2021",N/A,N/A,175883,topsellers
Crusader Kings III,"Sep 1, 2020",N/A,$49.99,77824,topsellers
NieR:Automata™,"Mar 17, 2017",$39.99,$15.99,102204,topsellers
Phasmophobia,"Sep 18, 2020",N/A,$19.99,618793,topsellers
Resident Evil 4,"Jan 24, 2019",$39.99,$19.99,111719,topsellers
Half-Life: Alyx,"Mar 23, 2020",$59.99,$17.99,84250,topsellers
The First Descendant,"Jun 30, 2024",N/A,Free,99806,topsellers
It Takes Two,"Mar 25, 2021",$39.99,$11.99,175945,topsellers
Sea of Thieves: 2025 Edition,"Jun 3, 2020",N/A,$39.99,303577,topsellers
Magic: The Gathering Arena,"May 23, 2023",N/A,Free,17516,topsellers
Once Human,"Jul 9, 2024",N/A,Free,123354,topsellers
iRacing,"Jan 12, 2015",N/A,$9.99,3242,topsellers
Dragon Age™: The Veilguard,"Oct 31, 2024",$59.99,$29.99,36014,topsellers
Path of Exile 2,"Dec 6, 2024",N/A,$29.99,105891,topsellers
Team Fortress 2,"Oct 10, 2007",N/A,Free,148819,topsellers
PUBG: BATTLEGROUNDS,"Dec 21, 2017",N/A,Free,522816,topsellers
Farming Simulator 25,"Nov 12, 2024",N/A,$49.99,19532,topsellers
Two Point Museum,"Mar 4, 2025",N/A,$29.99,3154,topsellers
Ghost of Tsushima DIRECTOR'S CUT,"May 16, 2024",N/A,$59.99,40062,topsellers
Yu-Gi-Oh! Master Duel,"Jan 18, 2022",N/A,Free,84158,topsellers
ARK: Survival Ascended,"Oct 25, 2023",N/A,$44.99,66016,topsellers
GIRLS' FRONTLINE 2: EXILIUM,"Feb 10, 2025",N/A,Free,1184,topsellers
Palworld,"Jan 18, 2024",N/A,$29.99,316425,topsellers
Deep Rock Galactic,"May 13, 2020",$29.99,$9.89,268844,topsellers
Stardew Valley,"Feb 26, 2016",N/A,$14.99,738822,topsellers
Balatro,"Feb 20, 2024",N/A,$14.99,111289,topsellers
STAR WARS™: The Old Republic™,"Jul 21, 2020",N/A,Free,66230,topsellers
Dota 2,"Jul 9, 2013",N/A,Free,459319,topsellers
Sons Of The Forest,"Feb 22, 2024",N/A,$29.99,217446,topsellers
Factorio,"Aug 14, 2020",N/A,$35.00,168482,topsellers
Enshrouded,"Jan 24, 2024",N/A,$29.99,65763,topsellers
STAR WARS Jedi: Survivor™,"Apr 27, 2023",$69.99,$17.49,58339,topsellers
Valheim,"Feb 2, 2021",$19.99,$9.99,419034,topsellers
DEATH STRANDING DIRECTOR'S CUT,"Mar 30, 2022",$39.99,$19.99,26336,topsellers
OCTOPATH TRAVELER II,"Feb 24, 2023",$59.99,$29.99,10465,topsellers
Red Dead Redemption 2,"Dec 5, 2019",N/A,$59.99,646982,topsellers
Hearts of Iron IV,"Apr 9, 2024",N/A,$49.99,232266,topsellers
WWE 2K25,"Mar 13, 2025",N/A,$59.99,971,topsellers
Battlefield™ 2042,"Nov 19, 2021",$59.99,$4.79,230405,topsellers
RimWorld,"Oct 17, 2018",N/A,$34.99,174586,topsellers
BeamNG.drive,"May 29, 2015",N/A,$24.99,285401,topsellers
American Truck Simulator,"Feb 2, 2016",N/A,$19.99,141226,topsellers
The Elder Scrolls V: Skyrim Special Edition,"Oct 27, 2016",N/A,$39.99,184420,topsellers
The Witcher 3: Wild Hunt,"May 18, 2015",$39.99,$7.99,753502,topsellers
R.E.P.O.,"Feb 26, 2025",N/A,$9.99,48951,mostplayed
Counter-Strike 2,"Aug 21, 2012",N/A,Free,668659,mostplayed
Assassin’s Creed Shadows,"Mar 19, 2025",N/A,$69.99,8742,mostplayed
Split Fiction,"Mar 6, 2025",N/A,$49.99,34874,mostplayed
Cyberpunk 2077,"Dec 9, 2020",$59.99,$23.99,732976,mostplayed
Warframe,"Mar 25, 2013",N/A,Free,612652,mostplayed
Monster Hunter Wilds,"Feb 27, 2025",N/A,$69.99,110497,mostplayed
Marvel Rivals,"Dec 5, 2024",N/A,Free,251001,mostplayed
HELLDIVERS™ 2,"Feb 8, 2024",N/A,$39.99,719296,mostplayed
Tom Clancy's Rainbow Six® Siege,"Dec 1, 2015",N/A,$19.99,173393,mostplayed
The Sims™ 4,"Jan 31, 2025",N/A,Free,165440,mostplayed
Kingdom Come: Deliverance II,"Feb 4, 2025",N/A,$59.99,64636,mostplayed
FragPunk,"Mar 6, 2025",N/A,Free,28695,mostplayed
THRONE AND LIBERTY,"Oct 1, 2024",N/A,Free,61470,mostplayed
War Thunder,"Aug 15, 2013",N/A,Free,606439,mostplayed
Baldur's Gate 3,"Aug 3, 2023",N/A,$59.99,651421,mostplayed
Destiny 2,"Oct 1, 2019",N/A,Free,621897,mostplayed
NBA 2K25,"Oct 28, 2024",$79.99,$23.99,16601,mostplayed
Cyberpunk 2077: Phantom Liberty,"Sep 25, 2023",$29.99,$22.49,17988,mostplayed
FINAL FANTASY XIV Online,"Feb 18, 2014",N/A,$19.99,72679,mostplayed
Rust,"Feb 8, 2018",N/A,$39.99,998646,mostplayed
Apex Legends™,"Nov 4, 2020",N/A,Free,984656,mostplayed
ELDEN RING,"Feb 24, 2022",N/A,$59.99,753135,mostplayed
EA SPORTS FC™ 25,"Sep 26, 2024",N/A,$42.00,56044,mostplayed
KINGDOM HEARTS -HD 1.5+2.5 ReMIX-,"Jun 13, 2024",$49.99,$29.99,6136,mostplayed
MapleStory,"Aug 9, 2012",N/A,Free,13572,mostplayed
Dead by Daylight,"Jun 14, 2016",N/A,$19.99,570596,mostplayed
Sid Meier's Civilization VII,"Feb 10, 2025",N/A,$69.99,28609,mostplayed
The Elder Scrolls® Online,"May 22, 2017",N/A,$19.99,126006,mostplayed
FINAL FANTASY VII REBIRTH,"Jan 23, 2025",$69.99,$48.99,12060,mostplayed
Fallout 76,"Apr 14, 2020",N/A,$39.99,65267,mostplayed
PGA TOUR 2K25,"Feb 27, 2025",N/A,$69.99,1224,mostplayed
Arma Reforger,"Nov 16, 2023",N/A,$35.98,23416,mostplayed
Satisfactory,"Sep 10, 2024",$39.99,$27.99,190713,mostplayed
Marvel's Spider-Man 2,"Jan 30, 2025",N/A,$59.99,11865,mostplayed
Wreckfest 2,"Mar 20, 2025",$29.99,$23.99,1535,mostplayed
FINAL FANTASY VII REMAKE INTERGRADE,"Jun 17, 2022",N/A,$39.99,30314,mostplayed
Crusader Kings III,"Sep 1, 2020",N/A,$49.99,77824,mostplayed
Path of Exile 2,"Dec 6, 2024",N/A,$29.99,105891,mostplayed
Call of Duty®: Black Ops 6,"Oct 24, 2024",N/A,$69.99,11108,mostplayed
BLEACH Rebirth of Souls,"Mar 20, 2025",N/A,$59.99,2639,mostplayed
Ready or Not,"Dec 13, 2023",N/A,$49.99,178625,mostplayed
Phasmophobia,"Sep 18, 2020",N/A,$19.99,618793,mostplayed
FINAL FANTASY XVI,"Sep 17, 2024",$49.99,$32.49,14692,mostplayed
Lost Ark,"Feb 11, 2022",N/A,Free,201727,mostplayed
PUBG: BATTLEGROUNDS,"Dec 21, 2017",N/A,Free,522816,mostplayed
Black Desert,"May 24, 2017",N/A,$9.99,58424,mostplayed
THE FINALS,"Dec 7, 2023",N/A,Free,223090,mostplayed
It Takes Two Friend's Pass,"May 25, 2021",N/A,N/A,175883,mostplayed
It Takes Two,"Mar 25, 2021",$39.99,$11.99,175945,mostplayed
Resident Evil 4,"Jan 24, 2019",$39.99,$19.99,111719,mostplayed
Two Point Museum,"Mar 4, 2025",N/A,$29.99,3154,mostplayed
Yu-Gi-Oh! Master Duel,"Jan 18, 2022",N/A,Free,84158,mostplayed
The First Descendant,"Jun 30, 2024",N/A,Free,99806,mostplayed
Once Human,"Jul 9, 2024",N/A,Free,123354,mostplayed
Steam Deck,"Jan 17, 2025",N/A,$399.00,N/A,mostplayed
Sea of Thieves: 2025 Edition,"Jun 3, 2020",N/A,$39.99,303577,mostplayed
Ghost of Tsushima DIRECTOR'S CUT,"May 16, 2024",N/A,$59.99,40062,mostplayed
Dota 2,"Jul 9, 2013",N/A,Free,459319,mostplayed
Stardew Valley,"Feb 26, 2016",N/A,$14.99,738822,mostplayed
Red Dead Redemption 2,"Dec 5, 2019",N/A,$59.99,646982,mostplayed
Balatro,"Feb 20, 2024",N/A,$14.99,111289,mostplayed
Cities: Skylines,"Mar 10, 2015",$29.99,$2.99,203185,mostplayed
Palworld,"Jan 18, 2024",N/A,$29.99,316425,mostplayed
Grand Theft Auto V Enhanced,"Mar 4, 2025",N/A,$29.99,29550,mostplayed
PowerWash Simulator,"Jul 14, 2022",$24.99,$17.49,44575,mostplayed
Farming Simulator 25,"Nov 12, 2024",N/A,$49.99,19532,mostplayed
Team Fortress 2,"Oct 10, 2007",N/A,Free,148819,mostplayed
VRChat,"Feb 1, 2017",N/A,Free,236232,mostplayed
Sons Of The Forest,"Feb 22, 2024",N/A,$29.99,217446,mostplayed
Enshrouded,"Jan 24, 2024",N/A,$29.99,65763,mostplayed
ARK: Survival Ascended,"Oct 25, 2023",N/A,$44.99,66016,mostplayed
iRacing,"Jan 12, 2015",N/A,$9.99,3242,mostplayed
Hearts of Iron IV,"Apr 9, 2024",N/A,$49.99,232266,mostplayed
Magic: The Gathering Arena,"May 23, 2023",N/A,Free,17516,mostplayed
RimWorld,"Oct 17, 2018",N/A,$34.99,174586,mostplayed
Avowed,"Feb 18, 2025",N/A,$69.99,8067,mostplayed
Deep Rock Galactic,"May 13, 2020",$29.99,$9.89,268844,mostplayed
Black Myth: Wukong,"Aug 19, 2024",N/A,$59.99,827235,mostplayed
Street Fighter™ 6,"Jun 1, 2023",$59.99,$29.99,34029,mostplayed
BeamNG.drive,"May 29, 2015",N/A,$24.99,285401,mostplayed
Hello Kitty Island Adventure,"Jan 30, 2025",N/A,$39.99,3632,mostplayed
Factorio,"Aug 14, 2020",N/A,$35.00,168482,mostplayed
Stellaris,"May 9, 2016",N/A,$39.99,124294,mostplayed
"Warhammer 40,000: Space Marine 2","Sep 9, 2024",N/A,$59.99,113589,mostplayed
Delta Force,"Dec 4, 2024",N/A,Free,93704,mostplayed
WWE 2K25,"Mar 13, 2025",N/A,$59.99,971,mostplayed
The Elder Scrolls V: Skyrim Special Edition,"Oct 27, 2016",N/A,$39.99,184420,mostplayed
American Truck Simulator,"Feb 2, 2016",N/A,$19.99,141226,mostplayed
Half-Life: Alyx,"Mar 23, 2020",$59.99,$17.99,84250,mostplayed
Forza Horizon 5,"Nov 8, 2021",N/A,$59.99,199401,mostplayed
The Witcher 3: Wild Hunt,"May 18, 2015",$39.99,$7.99,753502,mostplayed
STAR WARS™: The Old Republic™,"Jul 21, 2020",N/A,Free,66230,mostplayed
Limbus Company,"Feb 26, 2023",N/A,Free,53605,mostplayed
Valheim,"Feb 2, 2021",$19.99,$9.99,419034,mostplayed
NieR:Automata™,"Mar 17, 2017",$39.99,$15.99,102204,mostplayed
Dragon Age™: The Veilguard,"Oct 31, 2024",$59.99,$29.99,36014,mostplayed
Lethal Company,"Oct 23, 2023",N/A,$9.99,388709,mostplayed
Raft,"Jun 20, 2022",N/A,$19.99,290864,mostplayed
Arma 3,"Sep 12, 2013",$29.99,$3.59,213754,mostplayed
Overwatch® 2,"Aug 10, 2023",N/A,Free,334709,mostplayed
R.E.P.O.,"Feb 26, 2025",N/A,$9.99,48951,newreleases
Counter-Strike 2,"Aug 21, 2012",N/A,Free,668659,newreleases
Assassin’s Creed Shadows,"Mar 19, 2025",N/A,$69.99,8742,newreleases
Split Fiction,"Mar 6, 2025",N/A,$49.99,34874,newreleases
Cyberpunk 2077,"Dec 9, 2020",$59.99,$23.99,732976,newreleases
Warframe,"Mar 25, 2013",N/A,Free,612652,newreleases
Monster Hunter Wilds,"Feb 27, 2025",N/A,$69.99,110497,newreleases
Marvel Rivals,"Dec 5, 2024",N/A,Free,251001,newreleases
HELLDIVERS™ 2,"Feb 8, 2024",N/A,$39.99,719296,newreleases
Tom Clancy's Rainbow Six® Siege,"Dec 1, 2015",N/A,$19.99,173393,newreleases
The Sims™ 4,"Jan 31, 2025",N/A,Free,165440,newreleases
Kingdom Come: Deliverance II,"Feb 4, 2025",N/A,$59.99,64636,newreleases
FragPunk,"Mar 6, 2025",N/A,Free,28695,newreleases
THRONE AND LIBERTY,"Oct 1, 2024",N/A,Free,61470,newreleases
War Thunder,"Aug 15, 2013",N/A,Free,606439,newreleases
Baldur's Gate 3,"Aug 3, 2023",N/A,$59.99,651421,newreleases
Destiny 2,"Oct 1, 2019",N/A,Free,621897,newreleases
NBA 2K25,"Oct 28, 2024",$79.99,$23.99,16601,newreleases
Cyberpunk 2077: Phantom Liberty,"Sep 25, 2023",$29.99,$22.49,17988,newreleases
FINAL FANTASY XIV Online,"Feb 18, 2014",N/A,$19.99,72679,newreleases
Rust,"Feb 8, 2018",N/A,$39.99,998646,newreleases
Apex Legends™,"Nov 4, 2020",N/A,Free,984656,newreleases
ELDEN RING,"Feb 24, 2022",N/A,$59.99,753135,newreleases
EA SPORTS FC™ 25,"Sep 26, 2024",N/A,$42.00,56044,newreleases
KINGDOM HEARTS -HD 1.5+2.5 ReMIX-,"Jun 13, 2024",$49.99,$29.99,6136,newreleases
MapleStory,"Aug 9, 2012",N/A,Free,13572,newreleases
Dead by Daylight,"Jun 14, 2016",N/A,$19.99,570596,newreleases
Sid Meier's Civilization VII,"Feb 10, 2025",N/A,$69.99,28609,newreleases
The Elder Scrolls® Online,"May 22, 2017",N/A,$19.99,126006,newreleases
FINAL FANTASY VII REBIRTH,"Jan 23, 2025",$69.99,$48.99,12060,newreleases
Fallout 76,"Apr 14, 2020",N/A,$39.99,65267,newreleases
PGA TOUR 2K25,"Feb 27, 2025",N/A,$69.99,1224,newreleases
Arma Reforger,"Nov 16, 2023",N/A,$35.98,23416,newreleases
Satisfactory,"Sep 10, 2024",$39.99,$27.99,190713,newreleases
Marvel's Spider-Man 2,"Jan 30, 2025",N/A,$59.99,11865,newreleases
Wreckfest 2,"Mar 20, 2025",$29.99,$23.99,1535,newreleases
FINAL FANTASY VII REMAKE INTERGRADE,"Jun 17, 2022",N/A,$39.99,30314,newreleases
Crusader Kings III,"Sep 1, 2020",N/A,$49.99,77824,newreleases
Path of Exile 2,"Dec 6, 2024",N/A,$29.99,105891,newreleases
Call of Duty®: Black Ops 6,"Oct 24, 2024",N/A,$69.99,11108,newreleases
BLEACH Rebirth of Souls,"Mar 20, 2025",N/A,$59.99,2639,newreleases
Ready or Not,"Dec 13, 2023",N/A,$49.99,178625,newreleases
Phasmophobia,"Sep 18, 2020",N/A,$19.99,618793,newreleases
FINAL FANTASY XVI,"Sep 17, 2024",$49.99,$32.49,14692,newreleases
Lost Ark,"Feb 11, 2022",N/A,Free,201727,newreleases
PUBG: BATTLEGROUNDS,"Dec 21, 2017",N/A,Free,522816,newreleases
Black Desert,"May 24, 2017",N/A,$9.99,58424,newreleases
THE FINALS,"Dec 7, 2023",N/A,Free,223090,newreleases
It Takes Two Friend's Pass,"May 25, 2021",N/A,N/A,175883,newreleases
It Takes Two,"Mar 25, 2021",$39.99,$11.99,175945,newreleases
Resident Evil 4,"Jan 24, 2019",$39.99,$19.99,111719,newreleases
Two Point Museum,"Mar 4, 2025",N/A,$29.99,3154,newreleases
Yu-Gi-Oh! Master Duel,"Jan 18, 2022",N/A,Free,84158,newreleases
The First Descendant,"Jun 30, 2024",N/A,Free,99806,newreleases
Once Human,"Jul 9, 2024",N/A,Free,123354,newreleases
Steam Deck,"Jan 17, 2025",N/A,$399.00,N/A,newreleases
Sea of Thieves: 2025 Edition,"Jun 3, 2020",N/A,$39.99,303577,newreleases
Ghost of Tsushima DIRECTOR'S CUT,"May 16, 2024",N/A,$59.99,40062,newreleases
Dota 2,"Jul 9, 2013",N/A,Free,459319,newreleases
Stardew Valley,"Feb 26, 2016",N/A,$14.99,738822,newreleases
Red Dead Redemption 2,"Dec 5, 2019",N/A,$59.99,646982,newreleases
Balatro,"Feb 20, 2024",N/A,$14.99,111289,newreleases
Cities: Skylines,"Mar 10, 2015",$29.99,$2.99,203185,newreleases
Palworld,"Jan 18, 2024",N/A,$29.99,316425,newreleases
Grand Theft Auto V Enhanced,"Mar 4, 2025",N/A,$29.99,29550,newreleases
PowerWash Simulator,"Jul 14, 2022",$24.99,$17.49,44575,newreleases
Farming Simulator 25,"Nov 12, 2024",N/A,$49.99,19532,newreleases
Team Fortress 2,"Oct 10, 2007",N/A,Free,148819,newreleases
VRChat,"Feb 1, 2017",N/A,Free,236232,newreleases
Sons Of The Forest,"Feb 22, 2024",N/A,$29.99,217446,newreleases
Enshrouded,"Jan 24, 2024",N/A,$29.99,65763,newreleases
ARK: Survival Ascended,"Oct 25, 2023",N/A,$44.99,66016,newreleases
iRacing,"Jan 12, 2015",N/A,$9.99,3242,newreleases
Hearts of Iron IV,"Apr 9, 2024",N/A,$49.99,232266,newreleases
Magic: The Gathering Arena,"May 23, 2023",N/A,Free,17516,newreleases
RimWorld,"Oct 17, 2018",N/A,$34.99,174586,newreleases
Avowed,"Feb 18, 2025",N/A,$69.99,8067,newreleases
Deep Rock Galactic,"May 13, 2020",$29.99,$9.89,268844,newreleases
Black Myth: Wukong,"Aug 19, 2024",N/A,$59.99,827235,newreleases
Street Fighter™ 6,"Jun 1, 2023",$59.99,$29.99,34029,newreleases
BeamNG.drive,"May 29, 2015",N/A,$24.99,285401,newreleases
Hello Kitty Island Adventure,"Jan 30, 2025",N/A,$39.99,3632,newreleases
Factorio,"Aug 14, 2020",N/A,$35.00,168482,newreleases
Stellaris,"May 9, 2016",N/A,$39.99,124294,newreleases
"Warhammer 40,000: Space Marine 2","Sep 9, 2024",N/A,$59.99,113589,newreleases
Delta Force,"Dec 4, 2024",N/A,Free,93704,newreleases
WWE 2K25,"Mar 13, 2025",N/A,$59.99,971,newreleases
The Elder Scrolls V: Skyrim Special Edition,"Oct 27, 2016",N/A,$39.99,184420,newreleases
American Truck Simulator,"Feb 2, 2016",N/A,$19.99,141226,newreleases
Half-Life: Alyx,"Mar 23, 2020",$59.99,$17.99,84250,newreleases
Forza Horizon 5,"Nov 8, 2021",N/A,$59.99,199401,newreleases
The Witcher 3: Wild Hunt,"May 18, 2015",$39.99,$7.99,753502,newreleases
STAR WARS™: The Old Republic™,"Jul 21, 2020",N/A,Free,66230,newreleases
Limbus Company,"Feb 26, 2023",N/A,Free,53605,newreleases
Valheim,"Feb 2, 2021",$19.99,$9.99,419034,newreleases
NieR:Automata™,"Mar 17, 2017",$39.99,$15.99,102204,newreleases
Dragon Age™: The Veilguard,"Oct 31, 2024",$59.99,$29.99,36014,newreleases
Lethal Company,"Oct 23, 2023",N/A,$9.99,388709,newreleases
Raft,"Jun 20, 2022",N/A,$19.99,290864,newreleases
Arma 3,"Sep 12, 2013",$29.99,$3.59,213754,newreleases
Overwatch® 2,"Aug 10, 2023",N/A,Free,334709,newreleases
R.E.P.O.,"Feb 26, 2025",N/A,$9.99,48951,upcomingreleases
Counter-Strike 2,"Aug 21, 2012",N/A,Free,668659,upcomingreleases
Assassin’s Creed Shadows,"Mar 19, 2025",N/A,$69.99,8742,upcomingreleases
Split Fiction,"Mar 6, 2025",N/A,$49.99,34874,upcomingreleases
Cyberpunk 2077,"Dec 9, 2020",$59.99,$23.99,732976,upcomingreleases
Warframe,"Mar 25, 2013",N/A,Free,612652,upcomingreleases
Monster Hunter Wilds,"Feb 27, 2025",N/A,$69.99,110497,upcomingreleases
Marvel Rivals,"Dec 5, 2024",N/A,Free,251001,upcomingreleases
HELLDIVERS™ 2,"Feb 8, 2024",N/A,$39.99,719296,upcomingreleases
Tom Clancy's Rainbow Six® Siege,"Dec 1, 2015",N/A,$19.99,173393,upcomingreleases
The Sims™ 4,"Jan 31, 2025",N/A,Free,165440,upcomingreleases
Kingdom Come: Deliverance II,"Feb 4, 2025",N/A,$59.99,64636,upcomingreleases
FragPunk,"Mar 6, 2025",N/A,Free,28695,upcomingreleases
THRONE AND LIBERTY,"Oct 1, 2024",N/A,Free,61470,upcomingreleases
War Thunder,"Aug 15, 2013",N/A,Free,606439,upcomingreleases
Baldur's Gate 3,"Aug 3, 2023",N/A,$59.99,651421,upcomingreleases
Destiny 2,"Oct 1, 2019",N/A,Free,621897,upcomingreleases
NBA 2K25,"Oct 28, 2024",$79.99,$23.99,16601,upcomingreleases
Cyberpunk 2077: Phantom Liberty,"Sep 25, 2023",$29.99,$22.49,17988,upcomingreleases
FINAL FANTASY XIV Online,"Feb 18, 2014",N/A,$19.99,72679,upcomingreleases
Rust,"Feb 8, 2018",N/A,$39.99,998646,upcomingreleases
Apex Legends™,"Nov 4, 2020",N/A,Free,984656,upcomingreleases
ELDEN RING,"Feb 24, 2022",N/A,$59.99,753135,upcomingreleases
EA SPORTS FC™ 25,"Sep 26, 2024",N/A,$42.00,56044,upcomingreleases
KINGDOM HEARTS -HD 1.5+2.5 ReMIX-,"Jun 13, 2024",$49.99,$29.99,6136,upcomingreleases
MapleStory,"Aug 9, 2012",N/A,Free,13572,upcomingreleases
Dead by Daylight,"Jun 14, 2016",N/A,$19.99,570596,upcomingreleases
Sid Meier's Civilization VII,"Feb 10, 2025",N/A,$69.99,28609,upcomingreleases
The Elder Scrolls® Online,"May 22, 2017",N/A,$19.99,126006,upcomingreleases
FINAL FANTASY VII REBIRTH,"Jan 23, 2025",$69.99,$48.99,12060,upcomingreleases
Fallout 76,"Apr 14, 2020",N/A,$39.99,65267,upcomingreleases
PGA TOUR 2K25,"Feb 27, 2025",N/A,$69.99,1224,upcomingreleases
Arma Reforger,"Nov 16, 2023",N/A,$35.98,23416,upcomingreleases
Satisfactory,"Sep 10, 2024",$39.99,$27.99,190713,upcomingreleases
Marvel's Spider-Man 2,"Jan 30, 2025",N/A,$59.99,11865,upcomingreleases
Wreckfest 2,"Mar 20, 2025",$29.99,$23.99,1535,upcomingreleases
FINAL FANTASY VII REMAKE INTERGRADE,"Jun 17, 2022",N/A,$39.99,30314,upcomingreleases
Crusader Kings III,"Sep 1, 2020",N/A,$49.99,77824,upcomingreleases
Path of Exile 2,"Dec 6, 2024",N/A,$29.99,105891,upcomingreleases
Call of Duty®: Black Ops 6,"Oct 24, 2024",N/A,$69.99,11108,upcomingreleases
BLEACH Rebirth of Souls,"Mar 20, 2025",N/A,$59.99,2639,upcomingreleases
Ready or Not,"Dec 13, 2023",N/A,$49.99,178625,upcomingreleases
Phasmophobia,"Sep 18, 2020",N/A,$19.99,618793,upcomingreleases
FINAL FANTASY XVI,"Sep 17, 2024",$49.99,$32.49,14692,upcomingreleases
Lost Ark,"Feb 11, 2022",N/A,Free,201727,upcomingreleases
PUBG: BATTLEGROUNDS,"Dec 21, 2017",N/A,Free,522816,upcomingreleases
Black Desert,"May 24, 2017",N/A,$9.99,58424,upcomingreleases
THE FINALS,"Dec 7, 2023",N/A,Free,223090,upcomingreleases
It Takes Two Friend's Pass,"May 25, 2021",N/A,N/A,175883,upcomingreleases
It Takes Two,"Mar 25, 2021",$39.99,$11.99,175945,upcomingreleases
Resident Evil 4,"Jan 24, 2019",$39.99,$19.99,111719,upcomingreleases
Two Point Museum,"Mar 4, 2025",N/A,$29.99,3154,upcomingreleases
Yu-Gi-Oh! Master Duel,"Jan 18, 2022",N/A,Free,84158,upcomingreleases
The First Descendant,"Jun 30, 2024",N/A,Free,99806,upcomingreleases
Once Human,"Jul 9, 2024",N/A,Free,123354,upcomingreleases
Steam Deck,"Jan 17, 2025",N/A,$399.00,N/A,upcomingreleases
Sea of Thieves: 2025 Edition,"Jun 3, 2020",N/A,$39.99,303577,upcomingreleases
Ghost of Tsushima DIRECTOR'S CUT,"May 16, 2024",N/A,$59.99,40062,upcomingreleases
Dota 2,"Jul 9, 2013",N/A,Free,459319,upcomingreleases
Stardew Valley,"Feb 26, 2016",N/A,$14.99,738822,upcomingreleases
Red Dead Redemption 2,"Dec 5, 2019",N/A,$59.99,646982,upcomingreleases
Balatro,"Feb 20, 2024",N/A,$14.99,111289,upcomingreleases
Cities: Skylines,"Mar 10, 2015",$29.99,$2.99,203185,upcomingreleases
Palworld,"Jan 18, 2024",N/A,$29.99,316425,upcomingreleases
Grand Theft Auto V Enhanced,"Mar 4, 2025",N/A,$29.99,29550,upcomingreleases
PowerWash Simulator,"Jul 14, 2022",$24.99,$17.49,44575,upcomingreleases
Farming Simulator 25,"Nov 12, 2024",N/A,$49.99,19532,upcomingreleases
Team Fortress 2,"Oct 10, 2007",N/A,Free,148819,upcomingreleases
VRChat,"Feb 1, 2017",N/A,Free,236232,upcomingreleases
Sons Of The Forest,"Feb 22, 2024",N/A,$29.99,217446,upcomingreleases
Enshrouded,"Jan 24, 2024",N/A,$29.99,65763,upcomingreleases
ARK: Survival Ascended,"Oct 25, 2023",N/A,$44.99,66016,upcomingreleases
iRacing,"Jan 12, 2015",N/A,$9.99,3242,upcomingreleases
Hearts of Iron IV,"Apr 9, 2024",N/A,$49.99,232266,upcomingreleases
Magic: The Gathering Arena,"May 23, 2023",N/A,Free,17516,upcomingreleases
RimWorld,"Oct 17, 2018",N/A,$34.99,174586,upcomingreleases
Avowed,"Feb 18, 2025",N/A,$69.99,8067,upcomingreleases
Deep Rock Galactic,"May 13, 2020",$29.99,$9.89,268844,upcomingreleases
Black Myth: Wukong,"Aug 19, 2024",N/A,$59.99,827235,upcomingreleases
Street Fighter™ 6,"Jun 1, 2023",$59.99,$29.99,34029,upcomingreleases
BeamNG.drive,"May 29, 2015",N/A,$24.99,285401,upcomingreleases
Hello Kitty Island Adventure,"Jan 30, 2025",N/A,$39.99,3632,upcomingreleases
Factorio,"Aug 14, 2020",N/A,$35.00,168482,upcomingreleases
Stellaris,"May 9, 2016",N/A,$39.99,124294,upcomingreleases
"Warhammer 40,000: Space Marine 2","Sep 9, 2024",N/A,$59.99,113589,upcomingreleases
Delta Force,"Dec 4, 2024",N/A,Free,93704,upcomingreleases
WWE 2K25,"Mar 13, 2025",N/A,$59.99,971,upcomingreleases
The Elder Scrolls V: Skyrim Special Edition,"Oct 27, 2016",N/A,$39.99,184420,upcomingreleases
American Truck Simulator,"Feb 2, 2016",N/A,$19.99,141226,upcomingreleases
Half-Life: Alyx,"Mar 23, 2020",$59.99,$17.99,84250,upcomingreleases
Forza Horizon 5,"Nov 8, 2021",N/A,$59.99,199401,upcomingreleases
The Witcher 3: Wild Hunt,"May 18, 2015",$39.99,$7.99,753502,upcomingreleases
STAR WARS™: The Old Republic™,"Jul 21, 2020",N/A,Free,66230,upcomingreleases
Limbus Company,"Feb 26, 2023",N/A,Free,53605,upcomingreleases
Valheim,"Feb 2, 2021",$19.99,$9.99,419034,upcomingreleases
NieR:Automata™,"Mar 17, 2017",$39.99,$15.99,102204,upcomingreleases
Dragon Age™: The Veilguard,"Oct 31, 2024",$59.99,$29.99,36014,upcomingreleases
Lethal Company,"Oct 23, 2023",N/A,$9.99,388709,upcomingreleases
Raft,"Jun 20, 2022",N/A,$19.99,290864,upcomingreleases
Arma 3,"Sep 12, 2013",$29.99,$3.59,213754,upcomingreleases
Overwatch® 2,"Aug 10, 2023",N/A,Free,334709,upcomingreleases
